{"cameraMode":{"drawMode":0,"name":"Shaded","section":"Shading Mode"},"sceneLighting":false,"audioPlay":false,"sceneViewState":{"m_AlwaysRefresh":false,"showFog":true,"showSkybox":false,"showFlares":true,"showImageEffects":true,"showParticleSystems":true,"showVisualEffectGraphs":true,"m_FxEnabled":true},"in2DMode":false,"pivot":{"x":1.1920928955078126e-7,"y":0.19999736547470094,"z":17.21500015258789},"rotation":{"x":-0.4157986342906952,"y":0.0028177397325634958,"z":-0.0012878857087343932,"w":-0.9094843864440918},"size":2.1970508098602297,"orthographic":false}