{"cameraMode":{"drawMode":0,"name":"Shaded","section":"Shading Mode"},"sceneLighting":false,"audioPlay":false,"sceneViewState":{"m_AlwaysRefresh":false,"showFog":true,"showSkybox":false,"showFlares":true,"showImageEffects":true,"showParticleSystems":true,"showVisualEffectGraphs":true,"m_FxEnabled":true},"in2DMode":false,"pivot":{"x":0.5721054077148438,"y":-0.1673727035522461,"z":3.923642635345459},"rotation":{"x":-0.4157986342906952,"y":0.0028177397325634958,"z":-0.0012878857087343932,"w":-0.9094843864440918},"size":7.838139057159424,"orthographic":false}