{"cameraMode":{"drawMode":0,"name":"Shaded","section":"Shading Mode"},"sceneLighting":false,"audioPlay":false,"sceneViewState":{"m_AlwaysRefresh":false,"showFog":true,"showSkybox":false,"showFlares":true,"showImageEffects":true,"showParticleSystems":true,"showVisualEffectGraphs":true,"m_FxEnabled":true},"in2DMode":false,"pivot":{"x":0.9657953381538391,"y":10.85635757446289,"z":8.693000793457032},"rotation":{"x":-0.4157986342906952,"y":0.0028177397325634958,"z":-0.0012878857087343932,"w":-0.9094843864440918},"size":1.7371007204055787,"orthographic":false}