{"cameraMode":{"drawMode":0,"name":"Shaded","section":"Shading Mode"},"sceneLighting":false,"audioPlay":false,"sceneViewState":{"m_AlwaysRefresh":false,"showFog":true,"showSkybox":false,"showFlares":true,"showImageEffects":true,"showParticleSystems":true,"showVisualEffectGraphs":true,"m_FxEnabled":true},"in2DMode":false,"pivot":{"x":3.9637234210968019,"y":0.7524018287658691,"z":9.890000343322754},"rotation":{"x":-0.4157986342906952,"y":0.0028177397325634958,"z":-0.0012878857087343932,"w":-0.9094843864440918},"size":0.5196152925491333,"orthographic":false}